time,sdnn,rmssd,mean_rr,n
114.76842105263158,35.41166981500207,29.484186541067007,864.661654135338,35
115.64736842105263,35.33496846584945,29.182232452950867,863.7426900584794,36
116.54736842105262,34.84923696384946,29.42194707236889,863.8691322901851,37
117.46842105263157,34.38300575152408,29.0216298194956,863.9889196675898,38
118.35263157894737,35.324186318618565,29.50932874514353,861.4473684210527,40
119.21052631578947,35.44575566251874,29.1856223852896,860.4621309370987,41
120.08421052631579,35.29334880199801,28.874338968156817,859.7744360902255,42
120.96842105263157,35.50993277790475,28.632371358636764,858.7515299877604,43
121.82105263157895,35.8397398007418,28.3088587478385,857.6555023923447,44
122.62631578947368,35.565723314633566,28.265122489257717,857.1929824561403,45
123.43684210526315,35.1747585584949,28.048237041000107,857.0938215102977,46
124.27368421052631,34.79641152838343,27.741689727017846,856.9988801791712,47
125.1,34.430017735899646,27.44497863225267,856.9078947368422,48
125.93157894736842,35.48302649597869,29.1658422255203,858.3243823845328,49
126.76842105263158,35.48302649597869,29.1658422255203,858.3243823845328,49
127.66842105263157,37.56630559971819,29.110467191889377,860.2105263157896,50
128.60526315789474,38.15214717754179,29.16188458356919,861.4035087719302,51
129.4842105263158,37.85451633200724,29.470366907523594,861.7408906882595,52
130.3578947368421,37.68181083125627,29.222104427512324,862.2641509433963,53
131.2263157894737,37.676228717630075,28.981202579663996,862.9629629629633,54
132.08947368421053,37.325753808424615,29.146048641818858,862.9665071770338,55
132.9157894736842,37.40657318990061,29.432644017665844,862.2180451127819,56
133.7263157894737,37.46991795322722,29.168668783867233,861.4958448753466,57
134.56315789473683,37.14279001906721,29.3206023259453,861.4337568058079,58
135.42631578947368,37.07558629169751,29.46655345423272,861.9982158786798,59
136.26842105263157,36.84964452828402,30.0085281397738,861.6666666666667,60
137.11052631578946,36.67924891419987,29.76516272894797,861.2597066436582,61
137.9736842105263,36.37986707835644,29.642987181955856,861.205432937182,62
138.88947368421051,36.09673767390371,29.43333400967193,861.3199665831245,63
139.80526315789473,35.82010934487106,29.198801714199675,861.4309210526316,64
140.68947368421053,35.55591809129396,29.036942750940334,861.2955465587046,65
141.55263157894737,35.45143350685038,29.172842892185383,861.7224880382774,66
142.42631578947368,36.8932492733934,29.976627062869795,863.0793401413983,67
143.27894736842106,37.850183544712856,29.7798596040517,864.2414860681114,68
144.09473684210525,37.57106904331256,31.07177874295745,864.2257818459191,69
144.92631578947368,36.8590875486996,30.695856723828616,862.547673531655,69
145.79473684210527,37.32876660020063,30.616127091195583,861.5560640732264,69
146.66315789473683,37.429850852520566,30.516172116310187,860.3356216628529,69
147.47894736842105,37.26291478903624,30.214323231480364,858.6575133485889,69
148.28947368421052,37.34506235448841,30.021336772507514,858.045112781955,70
149.11052631578946,37.214913524813404,30.18138057261712,857.5939849624062,70
149.94210526315788,37.85944199201214,31.066268062986435,858.4210526315788,70
150.7578947368421,38.43555160573918,31.040411822083268,859.0225563909773,70
151.56842105263158,38.49064706829297,30.96919584963925,859.0977443609024,70
152.40526315789472,38.874645327730185,30.49894877845355,859.8496240601502,70
153.2578947368421,38.676524548552614,30.492366508218577,861.278195488722,70
154.11052631578946,38.20927241191493,30.564693516912154,862.1804511278197,70
154.96315789473684,38.40711562495496,31.18879248105247,861.9548872180451,70
155.88947368421051,38.66495656184228,31.208094468963594,861.7293233082704,70
156.8421052631579,38.89534603243751,30.54285876077656,862.0137299771167,69
157.76315789473685,38.731068178601554,30.241276245965604,861.0983981693364,69
158.6421052631579,38.07803294193308,29.587628046536068,859.2677345537757,69
159.53157894736842,39.13966411833048,29.5360025498653,857.2180451127816,70
160.43157894736842,39.092159348292085,30.074779336876826,856.9172932330827,70
161.29473684210527,39.074770494382605,30.094795831163804,856.8421052631578,70
162.1157894736842,39.06750450412833,29.772917102590746,856.7669172932328,70
162.93684210526317,38.942449821801,29.772917102590966,857.4436090225566,70
163.79473684210527,38.806904924423094,29.820767074853777,858.1235697940505,69
164.68947368421053,39.70832581274698,30.469414246046806,859.4965675057208,69
165.53157894736842,40.78446177543634,30.368976391462915,860.5644546147979,69
166.36842105263156,40.7230384857007,31.6562521288132,860.8695652173915,69
167.2263157894737,40.81398155322792,31.784675585659336,860.7170099160949,69
168.09473684210525,41.09077569329021,31.163416797921943,860.1067887109078,69
168.96315789473684,40.8315716350734,31.001587026622364,858.1203007518798,70
169.81578947368422,41.03668840996044,30.871818407492785,856.315789473684,70
170.70526315789473,41.54553315885117,30.77413283907736,855.0375939849622,70
171.6578947368421,41.674336739483856,30.982156384145362,854.5112781954883,70
172.6,41.63468373285702,30.93677075871448,854.06015037594,70
173.46315789473684,41.721100808030776,30.643401012504235,853.7593984962401,70
174.28421052631577,41.47977159426083,30.81975796841381,854.4360902255639,70
175.09473684210525,42.13855336468348,31.28518333355513,855.7142857142858,70
175.91052631578947,43.517506074442856,31.4451781549126,856.8421052631579,70
176.7157894736842,43.51750607444296,32.233242066141024,856.8421052631584,70
177.53157894736842,43.25179747586903,32.22701402201638,857.5939849624061,70
178.3842105263158,43.18770057928706,32.438005699875845,858.2761250953472,69
179.29999999999998,43.16472854196868,32.56960058382574,859.3440122044242,69
180.2157894736842,43.016189647835674,32.898931845399794,860.1503759398497,70
181.10526315789474,42.87703924981024,32.99032640572524,860.3007518796991,70
182.01052631578946,42.48149712386426,32.93552010343072,860.8270676691728,70
182.9157894736842,42.408194343042304,33.03289066355981,861.3533834586467,70
183.78947368421052,42.395480148679844,33.0571884900622,861.5037593984962,70
184.61052631578946,42.819752409514045,33.65893407087772,860.9022556390978,70
185.42105263157893,43.78140563640732,32.62321193880521,859.9248120300753,70
186.24736842105264,44.22551985567631,32.49374200520704,857.7443609022558,70
187.0842105263158,42.97724092335477,32.66625455173266,855.7894736842104,70
187.89473684210526,42.24322228110324,32.573950737523155,854.8120300751879,70
188.68421052631578,42.19431848323454,32.60474771021255,854.2105263157891,70
189.4894736842105,41.92577969159045,32.590320752139874,854.4106745737581,71
190.3421052631579,42.858220407781516,33.577132437340275,855.0778354336546,71
191.20526315789473,42.82269892857088,33.527476698453,854.436090225564,70
192.06315789473683,45.98234802443869,33.86701919212512,856.315789473684,70
192.93684210526317,47.19338551476103,34.24424788761863,858.1954887218046,70
193.86842105263156,47.33637858723101,35.415778040336775,858.8863463005335,69
194.80526315789473,46.81373436362263,34.640552580674424,858.1203007518797,70
195.66842105263157,46.84404583413728,34.65793223855225,858.0451127819547,70
196.5,47.04928026476523,34.65793223855175,857.7443609022557,70
197.32105263157894,47.55276323595571,34.686878983962586,856.9172932330828,70
198.14736842105262,48.013836950801526,34.686878983962586,855.9398496240603,70
198.9578947368421,47.723497665064336,34.718609933895785,855.6708673091182,71
199.7473684210526,47.820451332432754,35.12654493516105,855.8932542624165,71
200.54210526315788,48.164106409539,35.10106534894083,855.93984962406,70
201.36842105263156,47.99304848064495,34.41381832411978,855.4887218045117,70
202.21052631578948,46.92557512338704,34.86005469335948,854.812030075188,70
203.04210526315788,48.95283409500531,35.4255287021248,855.6390977443609,70
203.90526315789472,52.791518995948195,35.15249550890186,857.8947368421054,70
204.82631578947368,53.323822870376205,36.74390311978196,859.4736842105266,70
205.7736842105263,53.26571233797707,36.8747811944258,860.8270676691731,70
206.6421052631579,53.09056701205196,36.90198903491204,861.8796992481203,70
207.51052631578946,52.66120992209948,36.929176829829075,862.8571428571429,70
208.40526315789472,52.90948302683116,36.581341659395676,863.1578947368419,69
209.30526315789473,53.051672936133535,36.720276233366086,861.4797864225785,69
210.15263157894736,53.01678800094139,36.47523559670409,860.7518796992484,70
210.97894736842105,52.63833453429403,36.53572069011772,859.6992481203009,70
211.82631578947368,52.6383345342938,36.92917682982978,859.6992481203006,70
212.7,52.401644407043584,36.9509126626886,859.3233082706766,70
213.56315789473683,52.72852572835642,37.194565543500225,859.624060150376,70
214.3736842105263,53.08704969600046,36.91942351244731,859.4202898550726,69
215.1578947368421,53.27291660104778,37.17168262714399,859.9845201238394,68
215.93157894736842,53.32343008719277,37.401764219873314,860.7227022780835,67
216.7473684210526,53.559722007796715,37.665749894401586,861.2440191387559,66
217.6,53.88895326539666,37.81607332421052,861.6194331983806,65
218.43684210526314,53.92616032788531,38.02261908473778,862.4177631578949,64
219.30526315789473,53.551398577527095,38.27553436780615,863.5756056808691,63
220.2421052631579,53.46140881324902,38.10839966307661,864.5161290322585,62
221.23684210526315,54.337215449166756,38.71861844927306,864.7368421052633,60
222.18947368421053,54.79614857383033,38.995898542817095,864.8528099910795,59
223.0578947368421,55.26213445554258,38.58179859689464,864.7005444646097,58
223.91052631578947,55.01968969000262,38.918400119063485,863.5272391505082,57
224.7578947368421,55.01968969000262,38.918400119063485,863.5272391505082,57
225.59473684210525,54.61439324473917,37.99296148151022,862.2180451127823,56
226.41052631578947,55.117611261665985,38.10155819710449,862.2009569377991,55
227.21052631578948,55.472972412912505,38.43213780856994,862.768031189084,54
228.01052631578946,55.698583978370884,38.793052422544605,863.5551142005961,53
228.84736842105264,55.99507006766455,39.109083285290936,864.271255060729,52
229.7315789473684,56.029043424129824,39.38586722919982,865.325077399381,51
230.58947368421053,55.11142281043209,39.93155501445713,868.3136412459725,49
231.49473684210525,55.34963194767891,40.28834598471701,869.1885964912286,48
232.49473684210525,55.802296409768665,40.69432321230837,869.7648376259797,47
233.5157894736842,56.12473562391056,40.873804542942686,870.5949656750576,46
234.44736842105263,56.7476127977356,40.40371687662448,870.7602339181291,45
235.35263157894735,56.87726865091606,40.67332537454651,869.6172248803829,44
236.2421052631579,56.25625530389745,39.31043938998442,867.8090575275398,43
237.1157894736842,56.938092075847926,39.78694696217648,867.7944862155388,42
237.94210526315788,57.645337482319,40.065735459301365,867.7792041078308,41
238.7421052631579,58.21589245423026,40.56739422206338,867.1052631578953,40
239.55263157894737,58.72879377635264,40.2010547067292,866.2618083670718,39
240.39473684210526,59.43389526358962,40.59341215553277,866.7590027700834,38
241.28421052631577,59.86524037285444,41.003494359719646,867.852062588905,37
242.16315789473683,60.61288350029904,41.346547623661436,868.4210526315792,36
243.08947368421053,61.4909762232947,41.91131803117504,868.2706766917298,35
