time,dc,ac_rms,snr_db,cardiac_power_fraction,dominant_hr,dominant_freq,periodicity,amplitude_consistency,sqi,status
5.0,461.9316007104552,165.23456694541886,1.0911840518596696,0.7445155330218514,67.5,1.125,0.7441110908592552,0.9296263813823378,0.8054911325324584,QUESTIONABLE
7.0,451.9753212181229,156.44222559131578,0.283220200876278,0.7474826514019466,67.5,1.125,0.762506148806541,0.9470996953474969,0.8167437916406615,QUESTIONABLE
9.0,449.24573359244994,149.51533892978645,0.19426507594118064,0.6918680697983829,60.0,1.0,0.7520376238260428,0.8923836289560654,0.7804141882268002,QUESTIONABLE
11.0,452.92254941725554,149.06932049080513,-0.13147597840900604,0.6790732914695116,67.5,1.125,0.77368687818031,0.9341149539368727,0.7901373181976933,QUESTIONABLE
13.0,460.82370922062364,141.4446620539888,0.23361958191984109,0.7163600563178704,67.5,1.125,0.8072807228074086,0.9441244881209814,0.8164478738356723,QUESTIONABLE
15.0,462.0,139.593108663254,1.3101869551731016,0.7328163642978531,67.5,1.125,0.6670014574126566,0.9596039649235361,0.7782530390855402,QUESTIONABLE
17.0,464.0224374819732,138.7127157356364,0.5961495530958293,0.734313306325469,67.5,1.125,0.6845330027346384,0.9510232666482313,0.7823951398381201,QUESTIONABLE
19.0,463.47326433763556,141.3333905758563,-1.095162163252683,0.765177190098129,60.0,1.0,0.6964968619940388,0.9123304693947923,0.7905912916743165,BAD
21.0,459.4838124022906,140.45857139438587,0.8444056233537723,0.751394617162227,60.0,1.0,0.7139644569887068,0.9057672545573439,0.7890058980308665,QUESTIONABLE
23.0,458.70115228901074,138.8399517116073,1.0186108382765995,0.7386879416538316,60.0,1.0,0.7088249896779454,0.9390862764900966,0.7897294025471461,QUESTIONABLE
25.0,463.9435630065486,140.92945463327018,0.4572830565613286,0.739712167623679,67.5,1.125,0.5968679446916673,0.9150991824726951,0.7579650869515108,QUESTIONABLE
27.0,469.97582025678923,141.96331688035443,-0.6185706345701788,0.776823022108897,67.5,1.125,0.6440391857481752,0.9008869363095511,0.7841183518299216,QUESTIONABLE
29.0,473.3879270801558,139.36250295038428,-0.029088290645350443,0.8080158771027562,75.0,1.25,0.7297698176510955,0.929766516179746,0.8280905993723803,QUESTIONABLE
31.0,467.7824821923403,137.17491972720737,-0.2814209959623904,0.7868449586748117,67.5,1.125,0.7631886599997714,0.9141889625713322,0.8265323739841226,QUESTIONABLE
33.0,467.523721111369,143.14076695740226,1.585671372402976,0.7589139585519865,67.5,1.125,0.7895780726105598,0.959635678623164,0.8323661409285954,QUESTIONABLE
35.0,465.0428186536588,139.04037101652324,1.6420874968635086,0.7692053462856638,67.5,1.125,0.7971237026519653,0.9670083223477961,0.8402209137794143,QUESTIONABLE
37.0,461.29997525929457,137.282191101977,0.08081086566744174,0.7825860074751027,67.5,1.125,0.8590384812460956,0.97443110057777,0.8656321674794237,QUESTIONABLE
39.0,464.12031853837084,135.81015047940065,0.02487044428445885,0.795714437460374,75.0,1.25,0.8797087295827435,0.9899811724458538,0.8801946283481434,QUESTIONABLE
41.0,465.09515392472696,136.25271453837098,0.20052612637801656,0.7949637483853605,75.0,1.25,0.8918912444266027,0.9847227750538126,0.8824974276928875,QUESTIONABLE
43.0,464.9755427220995,134.13471827457658,-0.0119878233171932,0.7843087393539389,75.0,1.25,0.884240222714264,0.9756707216276846,0.8741297068813917,QUESTIONABLE
45.0,466.73510956669537,134.85189516378034,-0.39194366021946514,0.7820854432186888,75.0,1.25,0.8793199576546176,0.9781501417777735,0.8722601929394155,QUESTIONABLE
47.0,463.50146570215674,132.18678021697627,0.3368924998614286,0.7690860767127895,67.5,1.125,0.876316401485732,0.9612922646100482,0.862787804052845,QUESTIONABLE
49.0,462.82889524607936,135.55049607359442,0.1832295585512467,0.7728205174233883,67.5,1.125,0.8705142046222147,0.9726763703085826,0.8648177424177362,QUESTIONABLE
51.0,470.25646858938376,133.07075350404443,0.03628146096736941,0.7696745987809477,67.5,1.125,0.874933291186778,0.9743912115551777,0.8652280691794481,QUESTIONABLE
53.0,463.3748005868263,131.52480597769193,0.16489041340183302,0.7721044684701397,67.5,1.125,0.8758746958701727,0.9703151834683407,0.8656672328427758,QUESTIONABLE
55.0,467.67353297818886,134.03547847798302,1.1506594468769322,0.7556889303299386,67.5,1.125,0.8544723097559781,0.9718297681239976,0.8529832186835683,QUESTIONABLE
57.0,473.93681377831933,135.19064797429186,0.834684161733207,0.760089908206464,67.5,1.125,0.7805080208512697,0.9617538173937411,0.8305391330167148,QUESTIONABLE
59.0,469.36175798668455,132.10736650730837,0.15038713142851035,0.7841178107735196,75.0,1.25,0.7240076474561826,0.9566041172689153,0.8221702420000457,QUESTIONABLE
61.0,461.9451757554554,131.4347987868174,0.22237726684071518,0.7752958927203841,67.5,1.125,0.7008891908811737,0.9615143265036101,0.8126879796532278,QUESTIONABLE
63.0,468.8192037955911,131.5772831625459,0.7813519536541433,0.7410950594321659,67.5,1.125,0.720645502615593,0.9534726585248682,0.8033262062625179,QUESTIONABLE
65.0,466.2460179408687,126.97623443738686,0.7825844515405765,0.7401673966762358,67.5,1.125,0.7488993880994917,0.9326458369613367,0.8072659424926091,QUESTIONABLE
67.0,465.4262574927475,124.28056332655214,1.0248951733663163,0.7582898567682497,67.5,1.125,0.7402786612697777,0.9711057468966078,0.8196206904675547,QUESTIONABLE
69.0,471.50075080349234,125.36963007897947,0.09782920493917258,0.7855982701035527,67.5,1.125,0.8281002046393576,0.9792660989333897,0.8585225892199062,QUESTIONABLE
71.0,481.36314524346994,126.72828402766342,0.03978740717097347,0.7981946151837214,75.0,1.25,0.865305033243744,0.97483711753022,0.8738367795526558,QUESTIONABLE
73.0,479.61469304534967,127.50964996548478,0.7699876424722063,0.7746264928381562,67.5,1.125,0.8276566282412703,0.9503090679843591,0.8482093992045154,QUESTIONABLE
75.0,475.0333019559124,131.42886740787287,1.6933074340107712,0.7682254478533018,67.5,1.125,0.8619999978876394,0.9444047171022334,0.8547711219280592,QUESTIONABLE
77.0,475.2367291864264,134.81776844478176,1.9280121810028372,0.7619988123349587,67.5,1.125,0.8788459065666542,0.9554031705029836,0.8595339310045764,QUESTIONABLE
79.0,471.11743799689543,133.07343461505897,1.412521126553345,0.77087756443538,67.5,1.125,0.8649864921464431,0.958141512443717,0.8594752759068283,QUESTIONABLE
81.0,467.7092464281273,134.80894140183128,1.0476101831853,0.775727654428291,67.5,1.125,0.8547198712731074,0.9584266800748195,0.8583923591682124,QUESTIONABLE
83.0,474.31969913716216,133.68818973428662,0.15473756936587088,0.7828955981311647,67.5,1.125,0.8618269262111057,0.9660761152400078,0.8649215401637991,QUESTIONABLE
85.0,474.2218155399798,132.8751550345481,0.43380098975617376,0.7939956530090003,75.0,1.25,0.8364830220362348,0.9736203975772437,0.8632672473299193,QUESTIONABLE
87.0,469.0,132.52220027317023,0.11051743380060618,0.8070987511271225,75.0,1.25,0.7798914102904994,0.9517934290328778,0.8471656093445744,QUESTIONABLE
89.0,469.01877058982683,135.0314638040165,1.4733560168396491,0.7731817729339305,67.5,1.125,0.7625137319630383,0.9621349491246947,0.8304538185874227,QUESTIONABLE
91.0,467.39582219890735,129.9006237921705,1.50191478734903,0.7712496354733231,67.5,1.125,0.8130470488669094,0.954059499742986,0.8432258687979993,QUESTIONABLE
93.0,464.7565366125714,129.53629764604167,1.0316399634425746,0.7625448561288974,67.5,1.125,0.6923268889164602,0.9409491867328816,0.8009058464730734,QUESTIONABLE
95.0,475.335146165422,127.19455179893177,0.20645077006035964,0.7774132039343985,67.5,1.125,0.6791253663051843,0.961414160020947,0.806985723469504,QUESTIONABLE
97.0,479.40524314164963,125.38529919076137,0.342683305940208,0.8226127084307399,75.0,1.25,0.8103004858486647,0.9702509519293719,0.8661854195127697,QUESTIONABLE
99.0,479.40524314164963,126.4693930070048,0.6285875170729838,0.83245392800766,75.0,1.25,0.6531996845511626,0.9460121713150511,0.818143910831423,QUESTIONABLE
101.0,475.99444031205275,132.5912382474243,-0.19083285947238532,0.8100442107220006,75.0,1.25,0.5642631391511116,0.9189321026072359,0.7770830465555809,QUESTIONABLE
103.0,474.4156441775882,134.74989023923257,-0.5859203673927583,0.7964129461594307,67.5,1.125,0.6461164920844991,0.9264223551019187,0.7976845971095058,QUESTIONABLE
105.0,467.9790964152264,137.23454185408815,0.9138662252423297,0.7676101986736601,60.0,1.0,0.6545566969777954,0.9407115163652626,0.7915533918358552,QUESTIONABLE
107.0,470.43411586520915,149.0201562108168,0.8201013151587767,0.7570171140141655,67.5,1.125,0.5684380419010214,0.9409490859594623,0.7613701806310229,QUESTIONABLE
109.0,473.43303880188404,152.9932368195329,-0.10694645385558516,0.7869120391807817,75.0,1.25,0.4576030903834605,0.9367318631228332,0.7389710627803386,QUESTIONABLE
111.0,479.0574690995917,151.64448884578565,-0.4542196794816201,0.7418245251521639,75.0,1.25,0.4531709199032503,0.9531847031550771,0.7228969740312772,QUESTIONABLE
113.0,473.2395109249734,152.00044307267146,-0.3683542822293043,0.5744362762806389,45.0,0.75,0.45573995160775355,0.949802119751655,0.6560358673133337,QUESTIONABLE
115.0,466.92547624616464,152.30678293185457,-1.070484927861504,0.5800882583376789,67.5,1.125,0.48163469165582895,0.9532203764559363,0.6667487334914286,BAD
117.0,466.25307095045406,144.3194935150472,1.7070663712046863,0.7556726968464366,67.5,1.125,0.6409220338389369,0.9580592966149452,0.7858943903185079,QUESTIONABLE
119.0,466.35476689834513,137.88944591506478,1.798066419488145,0.7598012386360563,67.5,1.125,0.810729825916666,0.9689100012273284,0.840921443474888,QUESTIONABLE
121.0,462.4031514527669,141.84192859813828,1.2045172249157912,0.7604997365962968,67.5,1.125,0.8116402067576134,0.9664128292566125,0.8409745225171252,QUESTIONABLE
123.0,469.54264218040373,142.4541118451738,0.03975503817604549,0.7827993265559267,75.0,1.25,0.8379257737033291,0.9660137937986643,0.8577002214931023,QUESTIONABLE
125.0,469.6493346524918,142.2951641792528,0.47703054503225123,0.7911621347239529,75.0,1.25,0.7957323810887166,0.9694178264227636,0.8490681335007488,QUESTIONABLE
127.0,463.5990600999151,140.56737023410335,0.24000773809153708,0.7867036702203217,67.5,1.125,0.8095466469454029,0.9703810082450329,0.8516216638207561,QUESTIONABLE
129.0,465.83625379909097,142.44772682426208,1.5366756943299187,0.7650569968479247,67.5,1.125,0.8198352190243936,0.9638934946909421,0.8447520633846765,QUESTIONABLE
131.0,466.6283911057616,137.67549855763224,1.48797086491118,0.7677093325890845,67.5,1.125,0.818585720348433,0.9603123951049998,0.8447219281611636,QUESTIONABLE
133.0,465.4294158784139,139.90587932784234,0.13257121301490854,0.7808123821255682,67.5,1.125,0.8711817898853581,0.960732717611399,0.8658260333381145,QUESTIONABLE
135.0,468.4690112935283,142.29601474740346,0.09914648396629887,0.7960747946141217,75.0,1.25,0.836925813489628,0.9580309049683444,0.8611138428862058,QUESTIONABLE
137.0,474.8694770616345,141.45818192617844,0.7965005953520703,0.7895013452059687,67.5,1.125,0.8432827650145142,0.9530446589393949,0.8593942993746208,QUESTIONABLE
139.0,466.47138088689667,139.67558154224295,1.5563753088264103,0.7745820148559577,67.5,1.125,0.8620194432271017,0.9550864873540802,0.8594559363813297,QUESTIONABLE
141.0,466.16894737519726,143.79541597887612,1.8802838059712637,0.7684982206333674,67.5,1.125,0.8543268582015727,0.9719832778737176,0.8580940012885623,QUESTIONABLE
143.0,463.61877043248717,136.91086478692503,1.1261529404749202,0.7866752489501471,67.5,1.125,0.8596291108650226,0.9536980435099903,0.8632984415415638,QUESTIONABLE
145.0,463.57582788119356,134.18511690880854,-0.13366446940265686,0.7891095828344854,67.5,1.125,0.869100642139516,0.946711570602449,0.8657163398961387,QUESTIONABLE
147.0,469.5226066462824,132.15400553227835,-0.19044858059315345,0.7716259682351974,67.5,1.125,0.8739667725616277,0.9527770054164031,0.8613958201458479,QUESTIONABLE
149.0,470.10028051357006,133.32482256400638,0.3435303622764085,0.7908279922406385,75.0,1.25,0.87108358120674,0.9387796048675471,0.8654121922317869,QUESTIONABLE
151.0,472.9912470349124,135.5653312788676,0.5742694239971252,0.8026021696459181,75.0,1.25,0.8026338375456591,0.9613967869539533,0.8541103765128556,QUESTIONABLE
153.0,473.0814435751561,139.27676257981605,0.2507171529421022,0.7951455344471872,75.0,1.25,0.7802940076270807,0.9409900927008102,0.839607592501898,QUESTIONABLE
155.0,472.04717827015975,139.44356031888324,1.2644328421218765,0.7671553955656032,67.5,1.125,0.7874329526102992,0.9484171302564701,0.832038627955362,QUESTIONABLE
157.0,459.9237372642963,139.59082819667557,1.8875828332049107,0.7751157706586005,67.5,1.125,0.824152663906076,0.95631545246271,0.8478183558225418,QUESTIONABLE
159.0,470.8141716541437,139.84214970789577,2.114919070691166,0.7662525361509124,67.5,1.125,0.808315115877856,0.9384943362245797,0.8359575743633745,QUESTIONABLE
161.0,468.48421325285256,132.4727929186018,1.492256782470876,0.7649056540415823,67.5,1.125,0.8165119906788042,0.962872480701602,0.8427535128553314,QUESTIONABLE
163.0,467.9581088479598,132.71334876917183,0.07981023084195912,0.7872201429233836,67.5,1.125,0.840866991977849,0.9499521207645558,0.8571385789156193,QUESTIONABLE
165.0,473.55119325501045,134.78504052519395,0.5370028854646229,0.7734344104627481,67.5,1.125,0.877718447792841,0.9828490522770763,0.8692591089783669,QUESTIONABLE
167.0,480.63827167705773,137.7986097051513,0.7027920268297092,0.7838304788202934,67.5,1.125,0.8258634296074504,0.9723184033016209,0.8557549010706766,QUESTIONABLE
169.0,470.2689354293633,135.56400007600078,1.5758157835002535,0.7870088280942708,67.5,1.125,0.8081975304506915,0.9699359650997937,0.8512499833928745,QUESTIONABLE
171.0,469.083309553072,137.04591288386462,1.5661052654809202,0.7810396537827885,67.5,1.125,0.7765036173668847,0.9504296163738643,0.8354528699979537,QUESTIONABLE
173.0,477.52993929940476,133.1749284516761,1.0158521487953227,0.7741325580290618,67.5,1.125,0.7303922325266736,0.955997916343901,0.819970276238407,QUESTIONABLE
175.0,469.1056352478657,131.69747122402433,-0.32740040880176485,0.8049973082946816,75.0,1.25,0.6851582569059818,0.9325136301864384,0.8140491264269548,QUESTIONABLE
177.0,468.21602559532926,131.6863380410993,0.5800387011767728,0.8157685409407865,75.0,1.25,0.7895034374127965,0.9326665528755969,0.849691758175273,QUESTIONABLE
179.0,475.6762383952273,131.12518354875007,0.5087043297893288,0.7893119623682493,67.5,1.125,0.7863298276451436,0.9296229219880104,0.8375483176384448,QUESTIONABLE
181.0,478.6877616221918,128.49198441493763,2.0033873149743773,0.7691244995033123,67.5,1.125,0.7941815674997577,0.931743004829506,0.8322528710171534,QUESTIONABLE
183.0,474.0024382572499,133.5277973850089,1.9283824632645512,0.7750215644936215,67.5,1.125,0.7766665545455371,0.9492391432156712,0.8328564208042439,QUESTIONABLE
185.0,478.54524191655014,131.15575428215726,-0.11989521613363445,0.7934454204632979,67.5,1.125,0.7780482781869227,0.9612203176460475,0.8430367151706054,QUESTIONABLE
187.0,476.7153545087648,129.83569750335778,0.5909657044726474,0.8042496988062134,75.0,1.25,0.8587018096075193,0.9604426168445835,0.8713989457736578,QUESTIONABLE
189.0,478.62510678513263,137.72358610854891,0.7368205188708963,0.8122125308870483,75.0,1.25,0.8065833753874685,0.9648427048527871,0.8598285659416173,QUESTIONABLE
191.0,474.7106000487942,136.81343335805457,0.16351843206206415,0.8015893276856961,75.0,1.25,0.7772776111676118,0.9641871668679574,0.8466564477981535,QUESTIONABLE
193.0,470.72101346470697,132.19512968972737,1.5282166814370381,0.7819286335358856,67.5,1.125,0.7942936279296485,0.9345960870236473,0.8379787591979783,QUESTIONABLE
195.0,473.94904524469933,134.19852590729863,1.421165255753213,0.7679933254021184,67.5,1.125,0.7619325717939214,0.9430274243292296,0.8243825865648697,QUESTIONABLE
197.0,474.38952233622047,133.12892773990495,0.13747407802320563,0.7856584530445115,67.5,1.125,0.7345783698546181,0.9452699404719804,0.8236908802685862,QUESTIONABLE
199.0,473.94904524469933,129.02000905065577,0.5780310222077226,0.8136037069470977,75.0,1.25,0.8605542059058948,0.9510015398037839,0.8738080525113644,QUESTIONABLE
201.0,475.88855598136496,132.46514450192282,0.5869917048025437,0.8254026125224664,75.0,1.25,0.765559469515719,0.9516658225437842,0.8501620503724591,QUESTIONABLE
203.0,480.0090334764763,134.1768575671358,0.22605744702800468,0.8015217871979406,75.0,1.25,0.7590363720184193,0.9594861399091179,0.8402168544665257,QUESTIONABLE
205.0,468.05651918798685,132.37362565533155,1.3280391679178984,0.7795810352828144,67.5,1.125,0.8185278967278218,0.9599220026485071,0.8493751836611737,QUESTIONABLE
207.0,473.5795530096947,133.96378680450215,1.700966511488216,0.7690600309214816,67.5,1.125,0.8275365353390584,0.9516678802406007,0.8462185490184303,QUESTIONABLE
209.0,471.94656459024964,128.52431682242596,1.7347963364545094,0.7701637022544863,67.5,1.125,0.836332868837443,0.9462808998484294,0.8482215215227132,QUESTIONABLE
211.0,470.37667697041456,129.0696559283155,0.9370956754355937,0.7744090447771473,67.5,1.125,0.797084587156321,0.9562958330905447,0.8401481606758642,QUESTIONABLE
213.0,469.4517859188005,125.87250466329925,0.48131861440200296,0.7766091356100208,67.5,1.125,0.8088489913187924,0.974631149805917,0.8482245816008295,QUESTIONABLE
215.0,473.36104077396027,125.42292579207928,0.22890897580595082,0.8025007623496311,75.0,1.25,0.828958419245388,0.9767219649432153,0.8650322237021119,QUESTIONABLE
217.0,464.0,124.06535489901691,0.3567938481389693,0.8188188439901093,75.0,1.25,0.6511163651719953,0.9679511917420767,0.8164526854960578,QUESTIONABLE
219.0,464.4319966434009,126.00022595447737,0.3387805613797086,0.7803718372711524,67.5,1.125,0.6406341461665772,0.9791027434604952,0.8001595274505332,QUESTIONABLE
221.0,467.0,120.52937723489794,-0.047367462099269245,0.7719053622409696,67.5,1.125,0.7142233482044935,0.9677467916259053,0.816578507682917,QUESTIONABLE
223.0,468.94884451039013,123.02107778253558,0.2981211747317068,0.7749780208774018,67.5,1.125,0.6554891793344595,0.9716086081959138,0.8009596837904812,QUESTIONABLE
225.0,476.53519328985396,123.39548794209254,0.1902476245613432,0.7835944760993551,67.5,1.125,0.6869723133549528,0.9678970784014052,0.8131089001265089,QUESTIONABLE
227.0,481.48535858748926,122.61673698178329,0.415000382604315,0.807253156278812,75.0,1.25,0.8215017356800896,0.9678796698821407,0.8629277171919798,QUESTIONABLE
229.0,480.6922853830745,125.1709090876367,0.13716825607543376,0.8069843722917812,75.0,1.25,0.598865663354478,0.9704269983228487,0.7965388475876256,QUESTIONABLE
231.0,472.95078390146523,128.50967362267892,1.113174841441983,0.7783296194269861,67.5,1.125,0.619108534405602,0.968657292680042,0.7903748139969046,QUESTIONABLE
233.0,467.9167252142263,128.7609698112032,0.2740012738928723,0.806080852115835,60.0,1.0,0.661880597940364,0.9024475297056349,0.8010649735379913,QUESTIONABLE
235.0,472.5394281727896,126.44993290843267,-0.276332184605989,0.7806448448826006,60.0,1.0,0.5965673511114401,0.9031189329460894,0.7714308772441112,QUESTIONABLE
237.0,469.56949752810397,124.92683342695184,0.46163991747785527,0.7557284743586499,67.5,1.125,0.6533013300644336,0.9260069163832997,0.7830621194078711,QUESTIONABLE
239.0,470.77710328300145,129.10655165679506,0.09911932563654434,0.8012169814363396,75.0,1.25,0.7107705574682365,0.9340369592253639,0.8198937727127111,QUESTIONABLE
241.0,472.4289786878244,124.50484261454662,-0.044542003166979545,0.7810114879312662,67.5,1.125,0.6152697429083237,0.912437292835355,0.7786308713489167,QUESTIONABLE
243.0,475.4297605875704,126.59450975845006,0.8005971873075214,0.7661386733565652,67.5,1.125,0.5670146650128935,0.8588749800999572,0.7474927596033277,QUESTIONABLE
245.0,462.14117457372413,132.0728098086544,0.0627646247129587,0.7660564138212108,60.0,1.0,0.7188761933432298,0.9233228159580834,0.8059078814599121,QUESTIONABLE
247.0,476.2491044935562,130.45596250409946,0.37685421675506814,0.7194801182957267,60.0,1.0,0.6618957820839633,0.9199562754752516,0.7695099317753721,QUESTIONABLE
249.0,476.6803795011965,125.71968865166198,0.8331105423308851,0.7555071343620616,67.5,1.125,0.6789787166041125,0.9338381059883385,0.7920325109763577,QUESTIONABLE
251.0,477.7258726667984,133.59224951939848,1.3083193049752189,0.7715971962190722,67.5,1.125,0.7674596905812741,0.9210984864528808,0.8230964829525873,QUESTIONABLE
253.0,474.80378157597875,135.99033588687496,0.9847598856114339,0.7814736668792726,67.5,1.125,0.7772068211143148,0.912921025085042,0.828335718103012,QUESTIONABLE
255.0,474.6186202726226,134.9775281478913,0.6624788838765971,0.767647351884561,67.5,1.125,0.7745994278282522,0.9240191182535592,0.824242592753012,QUESTIONABLE
257.0,460.66562340853807,143.8464034327831,1.118256815722967,0.7802954349645976,60.0,1.0,0.8642721079555064,0.9765563209733427,0.8667110705671596,QUESTIONABLE
259.0,469.07596862371264,142.33371458437657,1.3533922077350309,0.7971575048020488,60.0,1.0,0.8424827615678657,0.9713064180457937,0.8658691140003381,QUESTIONABLE
261.0,477.15441425320023,140.12995977372768,0.833411396684792,0.7739873807015972,67.5,1.125,0.8001153141328454,0.9500452887515614,0.8396386042708048,QUESTIONABLE
263.0,476.155982255371,135.62963548042768,0.36872093131183903,0.7709631633141597,67.5,1.125,0.8230634043610445,0.9625355418895042,0.8478113950118781,QUESTIONABLE
265.0,475.04041099912143,135.48776912509,1.5832005340379083,0.7733860508085358,67.5,1.125,0.8071434964817567,0.9682967871574953,0.8451568266994404,QUESTIONABLE
267.0,475.1746892546632,130.65066115696186,1.7575911821463293,0.7701000983163386,67.5,1.125,0.8656457193391619,0.9555915168627884,0.8588520585008416,QUESTIONABLE
269.0,478.0609441515646,129.01946562696003,1.7942670615279814,0.780425371729358,67.5,1.125,0.8492010861631596,0.9430056861793001,0.8555316117765511,QUESTIONABLE
271.0,472.4164206436674,126.97642274730724,1.6905805397934754,0.7722666654915364,67.5,1.125,0.8600723265187125,0.9615122347782024,0.8592308111078688,QUESTIONABLE
273.0,473.3202269049841,128.06691515388104,2.11523305066557,0.7759402580687197,67.5,1.125,0.8439227942803069,0.9533461608894193,0.8542221736894637,QUESTIONABLE
275.0,475.10982450773815,125.04027917940608,1.924980739637408,0.7772377509547853,67.5,1.125,0.814931213771572,0.953457915355582,0.8460660475845022,QUESTIONABLE
277.0,480.0899628620214,124.44385060960921,1.3930339159164618,0.7811176412006278,67.5,1.125,0.819091678562861,0.9580481668197242,0.8497841934130543,QUESTIONABLE
279.0,476.27097756204614,123.85549147694809,0.9494857629243691,0.7623963007281912,67.5,1.125,0.8205366459271884,0.9614472478554366,0.8434089636405203,QUESTIONABLE
281.0,478.01645003848773,125.16282675129871,1.6430930881421544,0.7707110455707352,67.5,1.125,0.8108106708883436,0.9585439043900275,0.8432364003728026,QUESTIONABLE
283.0,480.16125518642156,123.57156580936389,1.8042642432360643,0.786713524658816,67.5,1.125,0.7975317561260111,0.95273967799162,0.8444928722996538,QUESTIONABLE
285.0,485.0902291343673,127.79748256303094,1.573953240793492,0.788246928158449,67.5,1.125,0.8135461836219507,0.9528057886854443,0.8482395735607379,QUESTIONABLE
287.0,473.1869275445929,124.27020675372863,1.3920567231558794,0.7693994716058903,67.5,1.125,0.6556681692066698,0.9042269841347607,0.7767793204418356,QUESTIONABLE
289.0,477.8976172389533,130.37058799717232,0.15071368737273072,0.7590084585132654,67.5,1.125,0.608848494320276,0.943661256042113,0.7664638671203379,QUESTIONABLE
291.0,,,,,,,0.0,0.0,0.0,BAD
293.0,,,,,,,0.0,0.0,0.0,BAD
295.0,,,,,,,0.0,0.0,0.0,BAD
297.0,477.9128908360018,128.3317506178032,-2.882585892217453,0.7536170139219472,60.0,1.0,0.6152313469747305,0.9580547189854621,0.771416627142501,BAD
299.0,,,,,,,0.0,0.0,0.0,BAD
301.0,,,,,,,0.0,0.0,0.0,BAD
303.0,,,,,,,0.0,0.0,0.0,BAD
305.0,,,,,,,0.0,0.0,0.0,BAD
